Desired Steering Angle, Acceleration Pedal, Steering Wheel Angle
-0.14735609388984264,0.0,0.0
-0.14743868801601873,0.0,0.0
-0.14739904174456192,0.0,0.0
-0.1473685164436666,0.0,0.0
-0.1472840383807544,0.0,0.0
-0.1473245223252945,0.0,0.0
-0.14734490339358447,0.0,0.0
-0.1473071456759295,0.0,0.0
-0.14724795742075097,0.0,0.0
-0.1473071308820532,0.0,0.0
-0.14737835131250746,0.0,0.0
-0.14739709478658405,0.0,0.0
-0.1474040798145961,0.0,0.0
-0.14739021488417478,0.0,0.0
-0.14734613860776083,0.0,0.0
-0.1472439882946007,0.0,0.0
-0.14743940080409573,0.0,0.0
-0.147452564263113,0.0,0.0
-0.1473624613027631,0.0,0.0
-0.14732764483075736,0.0,0.0
-0.1474423303900332,0.0,0.0
-0.14744056499408126,0.0,0.0
-0.1474445853043231,0.0,0.0
-0.147445528788257,0.0,0.0
-0.14738584660780865,0.0,0.0
-0.14735807243787036,0.0,0.0
-0.14739427955904716,0.0,0.0
-0.1474670016958968,0.0,0.0
-0.14716143154901956,0.0,0.0
-0.14744823849191294,0.0,0.0
-0.1474261829406089,0.0,0.0
-0.14744705597050634,0.0,0.0
0.07738521087985441,1.0,-0.00015259254737998596
-0.21609456212555744,1.0,-0.00015259254737998596
-0.2160749059795838,1.0,-0.00015259254737998596
-0.21594033233389762,1.0,-0.00015259254737998596
-0.216071081498256,1.0,-0.00015259254737998596
-0.21614169119989346,1.0,-0.00015259254737998596
-0.21610848577973546,1.0,-0.00015259254737998596
-0.21601109372098853,1.0,-0.00015259254737998596
-0.21616535466007597,1.0,-0.00015259254737998596
-0.21614317036906627,1.0,-0.00015259254737998596
-0.21614070718587466,1.0,-0.00015259254737998596
-0.2161430782267966,1.0,-0.00015259254737998596
-0.21612518329157168,1.0,-0.00015259254737998596
-0.21621188474419012,1.0,-0.00015259254737998596
-0.21619070935973503,1.0,-0.00015259254737998596
-0.21618003782047218,1.0,-0.00015259254737998596
-0.2161597429119973,1.0,-0.00015259254737998596
-0.21608049700095192,1.0,-0.00015259254737998596
-0.216081156312675,1.0,-0.00015259254737998596
-0.21617956122990586,1.0,-0.00015259254737998596
-0.21616064712890473,1.0,-0.00015259254737998596
-0.21569226308681608,1.0,-0.00015259254737998596
-0.21620467087781742,1.0,-0.00015259254737998596
-0.21596496815911512,1.0,-0.00015259254737998596
-0.21626118647993417,1.0,-0.00015259254737998596
-0.21618380570647425,1.0,-0.00015259254737998596
-0.21618392321189533,1.0,-0.00015259254737998596
-0.21599234155852237,1.0,-0.00015259254737998596
0.07753536870985522,1.0,-0.00015259254737998596
0.07742130769939283,1.0,-0.00015259254737998596
0.07744333326562,1.0,-0.00015259254737998596
0.07745583324560396,1.0,-0.00015259254737998596
0.07749461606894963,1.0,-0.00015259254737998596
0.07748814473344341,1.0,-0.00015259254737998596
0.07746211540906414,1.0,-0.00015259254737998596
0.07746380310313214,1.0,-0.00015259254737998596
0.07746707305987727,1.0,-0.00015259254737998596
0.07761093463788546,1.0,-0.00015259254737998596
0.07773490528811469,1.0,-0.00015259254737998596
0.07750355299438538,1.0,-0.00015259254737998596
0.07750715365815329,1.0,-0.00015259254737998596
0.0775362625846587,1.0,-0.00015259254737998596
0.07772054198218079,1.0,-0.00015259254737998596
0.07753712802456413,1.0,-0.00015259254737998596
0.07748630622012787,1.0,-3.051850947599719e-05
-0.1613049970496312,1.0,-3.051850947599719e-05
-0.1613478238099268,1.0,-3.051850947599719e-05
-0.16130728803741368,1.0,-3.051850947599719e-05
-0.16128794272766853,1.0,-3.051850947599719e-05
-0.16124616454306714,1.0,-3.051850947599719e-05
-0.16135461828645342,1.0,-3.051850947599719e-05
-0.16137578449460327,1.0,-3.051850947599719e-05
-0.16135147396524688,1.0,-3.051850947599719e-05
-0.16113564523862978,1.0,-3.051850947599719e-05
-0.1613512484425698,1.0,-3.051850947599719e-05
-0.1613752537473948,1.0,-3.051850947599719e-05
-0.16135530557149247,1.0,-3.051850947599719e-05
-0.16135277452399338,1.0,-3.051850947599719e-05
-0.1612749213512944,1.0,-3.051850947599719e-05
-0.16111478368623186,1.0,-3.051850947599719e-05
-0.16141388350368202,1.0,-3.051850947599719e-05
-0.16139357455914694,1.0,-3.051850947599719e-05
-0.16132553743950193,1.0,-3.051850947599719e-05
-0.16122098887447917,1.0,-3.051850947599719e-05
-0.16129432573457578,1.0,-3.051850947599719e-05
-0.1613611670894651,1.0,-3.051850947599719e-05
-0.1613623375985039,1.0,-3.051850947599719e-05
-0.16139660496715724,1.0,-3.051850947599719e-05
-0.161261097240877,1.0,-3.051850947599719e-05
-0.161373106010407,1.0,-3.051850947599719e-05
-0.1613537881573471,1.0,-3.051850947599719e-05
-0.1613256611408346,1.0,-3.051850947599719e-05
-0.16095286676406348,1.0,-3.051850947599719e-05
-0.16127551928591366,1.0,-3.051850947599719e-05
-0.16138762481203092,1.0,-3.051850947599719e-05
0.17369424374851827,1.0,6.103701895199438e-05
0.17369206485460825,1.0,6.103701895199438e-05
0.17378860749171396,1.0,6.103701895199438e-05
0.1736860746602217,1.0,6.103701895199438e-05
0.1737044715850774,1.0,6.103701895199438e-05
0.17368856196791568,1.0,6.103701895199438e-05
0.17377607733597822,1.0,6.103701895199438e-05
0.1738045976794187,1.0,6.103701895199438e-05
0.17372656017549584,1.0,6.103701895199438e-05
0.17374481056288885,1.0,6.103701895199438e-05
0.1738117750488809,1.0,6.103701895199438e-05
0.17402289333799761,1.0,6.103701895199438e-05
0.17367757163824457,1.0,6.103701895199438e-05
0.17373500926406835,1.0,6.103701895199438e-05
0.17376626853674393,1.0,6.103701895199438e-05
0.17378196818829003,1.0,6.103701895199438e-05
0.17384391835529953,1.0,6.103701895199438e-05
0.17382993707475103,1.0,6.103701895199438e-05
0.17391164232203732,1.0,6.103701895199438e-05
-0.120237964316142,1.0,6.103701895199438e-05
-0.12028006499985319,1.0,6.103701895199438e-05
-0.12026412436482345,1.0,6.103701895199438e-05
-0.12016831664044288,1.0,6.103701895199438e-05
-0.10651710670846323,1.0,9.155552842799158e-05
-0.10650968333731978,1.0,9.155552842799158e-05
-0.10653034116220485,1.0,9.155552842799158e-05
-0.10650983163440782,1.0,9.155552842799158e-05
-0.1065088013447309,1.0,9.155552842799158e-05
-0.10643292371705747,1.0,9.155552842799158e-05
-0.10657651851704254,1.0,9.155552842799158e-05
-0.10653498833029018,1.0,9.155552842799158e-05
-0.10649425094555981,1.0,9.155552842799158e-05
0.18756623866246272,1.0,9.155552842799158e-05
0.187628782939777,1.0,9.155552842799158e-05
0.1875904569159089,1.0,9.155552842799158e-05
0.18754893201153894,1.0,9.155552842799158e-05
0.18758186728837864,1.0,9.155552842799158e-05
0.18754232905376456,1.0,9.155552842799158e-05
0.18759733036537368,1.0,9.155552842799158e-05
0.18761375760839233,1.0,9.155552842799158e-05
0.18760317676623564,1.0,9.155552842799158e-05
0.18760131690422271,1.0,9.155552842799158e-05
0.18759532762069392,1.0,9.155552842799158e-05
0.18760794489765698,1.0,9.155552842799158e-05
-0.10660340662862004,1.0,9.155552842799158e-05
0.18761304936502002,1.0,9.155552842799158e-05
0.18763573998794678,1.0,9.155552842799158e-05
0.18761370768206653,1.0,9.155552842799158e-05
0.18764560089649168,1.0,9.155552842799158e-05
0.18766355346803792,1.0,9.155552842799158e-05
0.18764288211400967,1.0,9.155552842799158e-05
0.18762438023319492,1.0,9.155552842799158e-05
0.18764071062179097,1.0,9.155552842799158e-05
0.18766625109730029,1.0,9.155552842799158e-05
0.18783904415934,1.0,9.155552842799158e-05
0.1876823891395501,1.0,9.155552842799158e-05
0.1877501432211486,1.0,9.155552842799158e-05
0.18805098203880555,1.0,9.155552842799158e-05
0.1876983687474584,1.0,9.155552842799158e-05
0.18772986932123423,1.0,9.155552842799158e-05
-0.10672559420507399,1.0,9.155552842799158e-05
-0.10638232550082825,1.0,9.155552842799158e-05
-0.10673745888265222,1.0,9.155552842799158e-05
-0.10671090155297484,1.0,9.155552842799158e-05
-0.1067394643278713,1.0,9.155552842799158e-05
-0.10669211606154072,1.0,9.155552842799158e-05
-0.1067255685452578,1.0,9.155552842799158e-05
-0.10670680229009803,1.0,9.155552842799158e-05
-0.10672791624373804,1.0,9.155552842799158e-05
-0.10666467793494788,1.0,9.155552842799158e-05
-0.10673891227965093,1.0,9.155552842799158e-05
-0.10672851416307531,1.0,9.155552842799158e-05
-0.106679095068256,1.0,9.155552842799158e-05
0.18773908344925233,1.0,9.155552842799158e-05
-0.10675820837078036,1.0,9.155552842799158e-05
-0.10637541667270853,1.0,9.155552842799158e-05
-0.10671287641063687,1.0,9.155552842799158e-05
-0.10674357389780939,1.0,9.155552842799158e-05
-0.10671042218016287,1.0,9.155552842799158e-05
-0.1067098312573399,1.0,9.155552842799158e-05
-0.10672248358015135,1.0,9.155552842799158e-05
-0.10674484342182079,1.0,9.155552842799158e-05
-0.10672492706472311,1.0,9.155552842799158e-05
-0.10664439857947108,1.0,9.155552842799158e-05
-0.10673722973654952,1.0,9.155552842799158e-05
-0.10676248811595328,1.0,9.155552842799158e-05
-0.10672937328701174,1.0,9.155552842799158e-05
0.18780687015300634,1.0,9.155552842799158e-05
-0.09301761264885887,1.0,0.00012207403790398877
-0.09302410681388283,1.0,0.00012207403790398877
-0.09295453869080306,1.0,0.00012207403790398877
-0.09301896076609517,1.0,0.00012207403790398877
-0.09292623922105736,1.0,0.00012207403790398877
-0.09305374561652995,1.0,0.00012207403790398877
-0.09293797788590014,1.0,0.00012207403790398877
-0.0929063107279041,1.0,0.00012207403790398877
-0.09287420226443795,1.0,0.00012207403790398877
-0.09304918326856253,1.0,0.00012207403790398877
-0.0930345591148157,1.0,0.00012207403790398877
-0.09293388737584583,1.0,0.00012207403790398877
-0.0930164203987443,1.0,0.00012207403790398877
-0.09304770201876988,1.0,0.00012207403790398877
-0.09298374468062338,1.0,0.00012207403790398877
0.20164011090371087,1.0,0.00012207403790398877
-0.0930157571104857,1.0,0.00012207403790398877
-0.09299084326223063,1.0,0.00012207403790398877
-0.09296772074073885,1.0,0.00012207403790398877
-0.09293576070274717,1.0,0.00012207403790398877
-0.09303666457376115,1.0,0.00012207403790398877
-0.09307459642361168,1.0,0.00012207403790398877
-0.0929423228755063,1.0,0.00012207403790398877
-0.09292325408477552,1.0,0.00012207403790398877
-0.09290782854380585,1.0,0.00012207403790398877
-0.09290513085337965,1.0,0.00012207403790398877
-0.09289659493731128,1.0,0.00012207403790398877
-0.0928637187714841,1.0,0.00012207403790398877
-0.09300090147605894,1.0,0.00012207403790398877
-0.09304193936202615,1.0,0.00012207403790398877
-0.09297840828432881,1.0,0.00012207403790398877
-0.09288610365865876,1.0,0.00012207403790398877
-0.0929315219168095,1.0,0.00012207403790398877
-0.09284944348166575,1.0,0.00012207403790398877
-0.09283825922286078,1.0,0.00012207403790398877
-0.0930503904059282,1.0,0.00012207403790398877
-0.0930873956817369,1.0,0.00012207403790398877
-0.09279941237388804,1.0,0.00012207403790398877
-0.09281749868956281,1.0,0.00012207403790398877
-0.09292230044260273,1.0,0.00012207403790398877
-0.09288673667866951,1.0,0.00012207403790398877
-0.09287028457205722,1.0,0.00012207403790398877
-0.09285173845367767,1.0,0.00012207403790398877
-0.07906514694437085,1.0,0.00015259254737998596
-0.0790491490083519,1.0,0.00015259254737998596
-0.07921004543788274,1.0,0.00015259254737998596
-0.0790464754024247,1.0,0.00015259254737998596
-0.07905400581580263,1.0,0.00015259254737998596
-0.07908687468403189,1.0,0.00015259254737998596
0.21549125174152084,1.0,0.00015259254737998596
-0.010386063597610165,1.0,0.0003051850947599719
0.284170410991242,1.0,0.0003051850947599719
0.2841760826427375,1.0,0.0003051850947599719
0.2841969539028439,1.0,0.0003051850947599719
0.2842345837850263,1.0,0.0003051850947599719
0.28423451558660856,1.0,0.0003051850947599719
0.2842600443617514,1.0,0.0003051850947599719
0.2842500722989225,1.0,0.0003051850947599719
0.284239560826156,1.0,0.0003051850947599719
0.284235265955931,1.0,0.0003051850947599719
0.28432312014039746,1.0,0.0003051850947599719
0.28430286289325524,1.0,0.0003051850947599719
0.28446306522704745,1.0,0.0003051850947599719
0.2842279065093998,1.0,0.0003051850947599719
0.2842140925847979,1.0,0.0003051850947599719
0.2842466427197046,1.0,0.0003051850947599719
0.2842137194814792,1.0,0.0003051850947599719
0.2843152393993186,1.0,0.0003051850947599719
0.2842592440998593,1.0,0.0003051850947599719
0.28427909768373716,1.0,0.0003051850947599719
0.2842895348450274,1.0,0.0003051850947599719
0.2843028999683676,1.0,0.0003051850947599719
0.2843157744100459,1.0,0.0003051850947599719
0.2843998110306426,1.0,0.0003051850947599719
0.2843216805795272,1.0,0.0003051850947599719
0.2843262978028302,1.0,0.0003051850947599719
0.2843335297032285,1.0,0.0003051850947599719
0.2844592469447281,1.0,0.0003051850947599719
0.28440016515768984,1.0,0.0003051850947599719
0.28431989215886866,1.0,0.0003051850947599719
0.2843486169492081,1.0,0.0003051850947599719
0.28431659896414485,1.0,0.0003051850947599719
0.2843428308652232,1.0,0.0003051850947599719
0.2844081062422524,1.0,0.0003051850947599719
0.2843693951007986,1.0,0.0003051850947599719
0.2843643180229405,1.0,0.0003051850947599719
0.2843497657811444,1.0,0.0003051850947599719
0.2843566483915232,1.0,0.0003051850947599719
0.28436429568169536,1.0,0.0003051850947599719
0.2843542052359965,1.0,0.0003051850947599719
0.2845518014737244,0.9603259376812037,0.0003051850947599719
0.28426979331840246,0.9523911252174444,0.0003051850947599719
0.23964494342329276,0.9523911252174444,0.0003051850947599719
0.012764295163284074,0.9523911252174444,0.0003051850947599719
0.27714596619330945,0.9523911252174444,0.0003051850947599719
0.2719538591722951,0.9523911252174444,0.0003051850947599719
0.10946468012823335,0.9523911252174444,0.0003051850947599719
0.27980494644438786,0.9523911252174444,0.0003051850947599719
-0.03398771663271322,0.9523911252174444,0.0003051850947599719
0.21092862536529203,0.9523911252174444,0.0003051850947599719
-0.060846372596643626,0.9523911252174444,0.0003051850947599719
0.2526337023131142,0.9523911252174444,0.0003051850947599719
0.3190266296589108,0.9523911252174444,0.0003051850947599719
0.19906464605007956,1.0,0.0003051850947599719
0.3254945745980287,1.0,0.0003051850947599719
0.3877102966175264,1.0,0.0003051850947599719
0.381452131492662,1.0,0.0003051850947599719
0.2831198390843968,1.0,0.0003051850947599719
0.24800199067848208,1.0,0.0003051850947599719
0.026002329877176145,1.0,0.0003051850947599719
0.33409851231140525,1.0,0.0003051850947599719
0.034510655122271736,1.0,0.0003051850947599719
0.25209675863618164,1.0,0.0003051850947599719
0.26515131484996113,1.0,0.0003051850947599719
-0.037409201126258756,1.0,0.0003051850947599719
0.027520825551286664,1.0,0.0003051850947599719
0.3482139210711226,1.0,0.0003051850947599719
0.3049515932476816,1.0,0.0003051850947599719
0.24518953056199166,1.0,0.0003051850947599719
0.16377850969084282,1.0,0.0003051850947599719
0.11745917868912449,1.0,0.0003051850947599719
0.05448402606718712,1.0,0.0003051850947599719
0.28773658588794715,1.0,0.0003051850947599719
0.25719312219593404,1.0,0.0003051850947599719
0.20807504097954624,1.0,0.0003051850947599719
-2.565461476717608,1.0,0.0003051850947599719
-2.5773068870973095,1.0,0.0003051850947599719
-2.578915638129622,1.0,0.0003051850947599719
-2.5784717242370796,1.0,0.0003051850947599719
-2.578738694185891,1.0,0.0003051850947599719
-2.5791196667304583,1.0,0.0003051850947599719
-2.5794301151609886,1.0,0.0003051850947599719
-2.579673058766632,1.0,0.0003051850947599719
-2.5796088640590864,1.0,0.0003051850947599719
-2.579843057894492,1.0,0.0003051850947599719
-2.5796939977672504,1.0,0.0003051850947599719
-2.5795155496206967,1.0,0.0003051850947599719
-2.5794823412944337,1.0,0.0003051850947599719
-2.5795925836485014,1.0,0.0003051850947599719
-2.579566966813397,1.0,0.0003051850947599719
-2.579417403125373,1.0,0.0003051850947599719
-2.5793980636922536,1.0,0.0003051850947599719
-2.5793709991702776,1.0,0.0003051850947599719
-2.580262695895553,1.0,0.0003051850947599719
-2.5794978831972974,1.0,0.0003051850947599719
-2.579453915818771,1.0,0.0003051850947599719
-2.579393273965191,1.0,0.0003051850947599719
-2.5792455467347084,1.0,0.0003051850947599719
-2.580138619209725,1.0,0.0003051850947599719
-2.5799622947473377,1.0,0.0003051850947599719
-2.57919358268632,1.0,0.0003051850947599719
-2.579271146999856,1.0,0.0003051850947599719
-2.579331700406726,1.0,0.0003051850947599719
-2.5792943674412303,1.0,0.0003051850947599719
-2.5791678970046714,1.0,0.0003051850947599719
-2.579058020866418,1.0,0.0003051850947599719
-2.5799480698021644,1.0,0.0003051850947599719
-2.579212070480211,1.0,0.0003051850947599719
-2.5794054829592024,1.0,0.0003051850947599719
-2.5794790302054067,1.0,0.0003051850947599719
-2.579452634182757,1.0,0.0003051850947599719
-2.5792930374173437,1.0,0.0003051850947599719
-2.5793329585139513,1.0,0.0003051850947599719
-2.5793101119778723,1.0,0.0003051850947599719
-2.5795031775587036,1.0,0.0003051850947599719
-2.579479876934346,1.0,0.0003051850947599719
-2.5792792395613127,1.0,0.0003051850947599719
-2.5793666992860085,1.0,0.0003051850947599719
-2.579219751663194,1.0,0.0003051850947599719
-2.579483573281955,1.0,0.0003051850947599719
-2.579410220842229,1.0,0.0003051850947599719
-2.5794580531962747,1.0,0.0003051850947599719
-2.5800654458527297,1.0,0.0003051850947599719
-2.5792290648589598,1.0,0.0003051850947599719
2.8572829235075123,1.0,0.0003051850947599719
2.857081409982741,1.0,0.0003051850947599719
2.8572434159518925,1.0,0.0003051850947599719
2.8573153207909656,1.0,0.0003051850947599719
2.8572595374411818,1.0,0.0003051850947599719
-2.5792841700436537,1.0,0.0003051850947599719
-2.5794851011413216,1.0,0.0003051850947599719
-2.5792710585539,1.0,0.0003051850947599719
-2.579316613028127,1.0,0.0003051850947599719
-2.5793472126642403,1.0,0.0003051850947599719
-2.579503901397727,1.0,0.0003051850947599719
-2.5792544807890985,1.0,0.0003051850947599719
-2.5793316284900487,1.0,0.0003051850947599719
-2.5792767586125565,1.0,0.0003051850947599719
-2.5792783261516194,1.0,0.0003051850947599719
-2.5793214977731584,1.0,0.0003051850947599719
-2.5795481864747924,1.0,0.0003051850947599719
-2.5793227184076484,1.0,0.0003051850947599719
-2.5792786281405338,1.0,0.0003051850947599719
-2.579378312124979,1.0,0.0003051850947599719
-2.5795068791421936,1.0,0.0003051850947599719
-2.5793575329519522,1.0,0.0003051850947599719
-2.5793142759127017,1.0,0.0003051850947599719
-2.579311332612357,1.0,0.0003051850947599719
-2.579326612590443,1.0,0.0003051850947599719
-2.5792747256931663,1.0,0.0003051850947599719
2.857057190688868,1.0,0.0003051850947599719
2.8572659927610524,1.0,0.0003051850947599719
2.857252051056253,1.0,0.0003051850947599719
2.857469608107989,1.0,0.0003051850947599719
2.8573649935198513,1.0,0.0003051850947599719
2.8571892323810593,1.0,0.0003051850947599719
2.8571547010524396,1.0,0.0003051850947599719
2.857138793106739,1.0,0.0003051850947599719
2.8564099431033814,1.0,0.0003051850947599719
2.8565530289029635,1.0,0.0003051850947599719
2.857265122058964,1.0,0.0003051850947599719
2.857252969702649,1.0,0.0003051850947599719
-2.5792397350796143,1.0,0.0003051850947599719
2.8571114492030545,1.0,0.0003051850947599719
2.8572692380542435,1.0,0.0003051850947599719
2.8571808273499304,1.0,0.0003051850947599719
2.857100594635419,1.0,0.0003051850947599719
2.8572383656031275,1.0,0.0003051850947599719
2.8571358580682213,1.0,0.0003051850947599719
2.856401425655871,1.0,0.0003051850947599719
2.857234623513887,1.0,0.0003051850947599719
2.857177197679432,1.0,0.0003051850947599719
2.857295601867911,1.0,0.0003051850947599719
2.857346917082742,1.0,0.0003051850947599719
2.8573414605906153,1.0,0.0003051850947599719
2.8572578627177667,1.0,0.0003051850947599719
2.8573111276434466,1.0,0.0003051850947599719
2.857305080673051,1.0,0.0003051850947599719
2.8572818872067205,1.0,0.0003051850947599719
2.85728246418431,1.0,0.0003051850947599719
2.856933625949479,1.0,0.0003051850947599719
2.8571250409733793,1.0,0.0003051850947599719
2.857134704113109,1.0,0.0003051850947599719
2.8571886928763788,1.0,0.0003051850947599719
2.8572196934527776,1.0,0.0003051850947599719
2.8572347838768715,1.0,0.0003051850947599719
2.8570396537583074,1.0,0.0003051850947599719
2.857222893008001,1.0,0.0003051850947599719
2.857197565495739,1.0,0.0003051850947599719
2.8572705036051667,1.0,0.0003051850947599719
2.8572856824760455,1.0,0.0003051850947599719
2.857210016812038,1.0,0.0003051850947599719
2.857149156114161,1.0,0.0003051850947599719
2.8565981929823323,1.0,0.0003051850947599719
2.8572865906510327,1.0,0.0003051850947599719
2.856479780556852,1.0,0.0003051850947599719
2.8573404617626994,1.0,0.0003051850947599719
2.8571195417730553,1.0,0.0003051850947599719
2.8572304251307683,1.0,0.0003051850947599719
2.8572210609509363,1.0,0.0003051850947599719
2.8572379167513526,1.0,0.0003051850947599719
2.8572277141065987,1.0,0.0003051850947599719
2.8572598499021296,1.0,0.0003051850947599719
2.857106636369665,1.0,0.0003051850947599719
2.857260338433194,1.0,0.0003051850947599719
2.8572447167693045,1.0,0.0003051850947599719
2.857121988280502,1.0,0.0003051850947599719
2.8570521852554385,1.0,0.0003051850947599719
2.8571315472665764,1.0,0.0003051850947599719
-2.579749206036536,1.0,0.0003051850947599719
2.774866404582593,1.0,9.155552842799158e-05
2.7473949676641327,1.0,6.103701895199438e-05
2.7472045732249364,1.0,6.103701895199438e-05
2.747038910593622,1.0,6.103701895199438e-05
2.7472837801093357,1.0,6.103701895199438e-05
2.7474528933256397,1.0,6.103701895199438e-05
2.747385416942663,1.0,6.103701895199438e-05
2.7474092488313984,1.0,6.103701895199438e-05
2.747360431098963,1.0,6.103701895199438e-05
2.7473726501359303,1.0,6.103701895199438e-05
2.7473011244404075,1.0,6.103701895199438e-05
2.747403869491577,1.0,6.103701895199438e-05
2.747273814980048,1.0,6.103701895199438e-05
2.747170800181065,1.0,6.103701895199438e-05
2.747367837302336,1.0,6.103701895199438e-05
2.7471262100432337,1.0,6.103701895199438e-05
2.747492325936495,1.0,6.103701895199438e-05
-2.6891524466417667,1.0,6.103701895199438e-05
2.7474126597232993,1.0,6.103701895199438e-05
2.7473430785025252,1.0,6.103701895199438e-05
2.7471123027833118,1.0,6.103701895199438e-05
2.7473077056794764,1.0,6.103701895199438e-05
2.747491407290072,1.0,6.103701895199438e-05
2.7474808599467573,1.0,6.103701895199438e-05
2.746295263953652,1.0,6.103701895199438e-05
2.747792212297573,1.0,6.103701895199438e-05
2.7476098489586915,1.0,6.103701895199438e-05
2.7475912038083155,1.0,6.103701895199438e-05
2.7474573270176608,1.0,6.103701895199438e-05
-2.6891712843696154,1.0,6.103701895199438e-05
2.788454845163442,1.0,0.00015259254737998596
2.7885939566288367,1.0,0.00015259254737998596
2.7885685114618703,1.0,0.00015259254737998596
2.7885987694624736,1.0,0.00015259254737998596
2.7883776734083514,1.0,0.00015259254737998596
2.7886458488206554,1.0,0.00015259254737998596
2.7886857407546275,1.0,0.00015259254737998596
2.7885230453832555,1.0,0.00015259254737998596
2.788623338691894,1.0,0.00015259254737998596
2.7886508886981245,1.0,0.00015259254737998596
2.7884062462122703,1.0,0.00015259254737998596
-2.647895417455681,1.0,0.00015259254737998596
2.7884742516243977,1.0,0.00015259254737998596
2.7885837539840055,1.0,0.00015259254737998596
2.788616736509721,1.0,0.00015259254737998596
2.787774884799511,1.0,0.00015259254737998596
2.7886507418358715,1.0,0.00015259254737998596
2.7886527290202765,1.0,0.00015259254737998596
2.7886243322840865,1.0,0.00015259254737998596
2.7886314822360063,1.0,0.00015259254737998596
2.7884032309923272,1.0,0.00015259254737998596
2.7885173191390757,1.0,0.00015259254737998596
-2.6480286504326327,1.0,0.00015259254737998596
2.8435350298229283,1.0,0.00027466658528397473
-2.5930021766213964,1.0,0.00027466658528397473
-2.593845584682306,1.0,0.00027466658528397473
-2.5933641574069712,1.0,0.00027466658528397473
-2.5929133066944505,1.0,0.00027466658528397473
-2.592958545677855,1.0,0.00027466658528397473
-2.5931263901281447,1.0,0.00027466658528397473
-2.5932607688016582,1.0,0.00027466658528397473
-2.593103695689596,1.0,0.00027466658528397473
-2.5932772027346442,1.0,0.00027466658528397473
-2.593450816150542,1.0,0.00027466658528397473
-2.593069960153356,1.0,0.00027466658528397473
-2.5931982626525407,1.0,0.00027466658528397473
-2.5929609172371637,1.0,0.00027466658528397473
-2.5932098702560444,1.0,0.00027466658528397473
-2.5932378847913222,1.0,0.00027466658528397473
-2.59305620279863,1.0,0.00027466658528397473
-2.5930193740716967,1.0,0.00027466658528397473
-2.593516347994197,1.0,0.00027466658528397473
-2.5931806028496047,1.0,0.00027466658528397473
-2.5931132921384,1.0,0.00027466658528397473
-2.593017731587173,1.0,0.00027466658528397473
-2.593194670458506,1.0,0.00027466658528397473
-2.343315982312399,0.9047517319254128,0.00027466658528397473
-1.8565429901116621,0.880947294534135,0.00027466658528397473
0.2760904476712116,0.880947294534135,0.00027466658528397473
0.06218726884829515,0.880947294534135,0.00027466658528397473
-1.8620830114077438,0.8571428571428571,0.00027466658528397473
-1.7143099559720263,0.82540360728782,0.00027466658528397473
-1.0275118362141056,0.7777947325052644,0.00027466658528397473
0.19781153262949744,0.7619251075777459,0.00027466658528397473
-0.06987929831408765,0.7619251075777459,0.00027466658528397473
0.10225434559535342,0.7619251075777459,0.00027466658528397473
0.08687119121412458,0.7619251075777459,0.00027466658528397473
0.04329529937958385,0.7619251075777459,0.00027466658528397473
0.2636362424457799,0.8412732322153386,0.00027466658528397473
0.25621287367184464,0.9047517319254128,0.00027466658528397473
-0.04040526142891274,0.9206518753624073,0.00027466658528397473
0.30361704426882175,0.9206518753624073,0.00027466658528397473
0.07086888805099868,0.9206518753624073,0.00027466658528397473
0.16156009972639798,0.9206518753624073,0.00027466658528397473
0.33155590889040587,0.8650776696066164,0.00027466658528397473
0.3092744088613102,0.8571428571428571,0.00027466658528397473
0.05702413389667213,0.8571428571428571,0.00027466658528397473
0.33179216680884366,0.8571428571428571,0.00027466658528397473
0.021456662228961754,0.8571428571428571,0.00027466658528397473
0.10441444262524734,0.8571428571428571,0.00027466658528397473
0.21840647119074497,0.9047517319254128,0.00027466658528397473
-0.06687667733869707,0.9047517319254128,0.00027466658528397473
-0.051487558810149665,0.9047517319254128,0.00027466658528397473
0.18425664798917735,0.9047517319254128,0.00027466658528397473
-0.050284747527201364,0.9047517319254128,0.00027466658528397473
0.3076886927612515,0.9047517319254128,0.00027466658528397473
0.1165823720467743,0.9047517319254128,0.00027466658528397473
0.28142364280413185,0.8650776696066164,0.00027466658528397473
0.21775628378910733,0.8571428571428571,0.00027466658528397473
0.1951016420134673,0.8571428571428571,0.00027466658528397473
0.30217840612167635,0.8571428571428571,0.00027466658528397473
0.22616395718910565,0.8492080446790978,0.00027466658528397473
0.259036173957436,0.8333384197515793,0.00027466658528397473
0.25379948053316315,0.793664357432783,0.00027466658528397473
0.2710782796972862,0.7777947325052644,0.00027466658528397473
0.23649036359615447,0.7777947325052644,0.00027466658528397473
0.2813846422804558,0.7777947325052644,0.00027466658528397473
0.06639992741573117,0.7777947325052644,0.00027466658528397473
0.01631012984997796,0.7777947325052644,0.00027466658528397473
0.26749258960962347,0.7777947325052644,0.00027466658528397473
0.3224346062425475,0.7619251075777459,0.00027466658528397473
0.36611282523844274,0.7539902951139866,0.00027466658528397473
0.3084765261527288,0.7539902951139866,0.00027466658528397473
0.3018958762371597,0.7539902951139866,0.00027466658528397473
0.31389773409828825,0.7539902951139866,0.00027466658528397473
0.22558835204787211,0.7539902951139866,0.00027466658528397473
0.69779439356279,0.7539902951139866,0.00027466658528397473
0.6476716355387652,0.7460249641407514,0.00027466658528397473
0.7420885591030806,0.7380901516769921,0.00027466658528397473
1.5282379538575206,0.7301553392132328,0.00027466658528397473
0.519543198116168,0.7142857142857143,0.00027466658528397473
0.34863520084768,0.7142857142857143,0.00027466658528397473
1.2001716192520766,0.7142857142857143,0.00027466658528397473
1.184026089001449,0.7142857142857143,0.00027466658528397473
3.0106387253887985,0.7142857142857143,0.00027466658528397473
1.7605499852424185,0.7142857142857143,0.00027466658528397473
2.625732053260152,0.7142857142857143,0.00027466658528397473
2.1621957005743155,0.7142857142857143,0.00027466658528397473
1.5071300361347006,0.7142857142857143,0.00027466658528397473
1.613036576762521,0.7142857142857143,0.00027466658528397473
3.4789771077093516,0.7142857142857143,0.00027466658528397473
3.8404887748971768,0.7142857142857143,0.00027466658528397473
3.1373307827224717,0.7142857142857143,0.00027466658528397473
5.9761986102001865,0.7142857142857143,0.00027466658528397473
8.873380640991174,0.7142857142857143,0.001892147587511826
13.24105532704801,0.6904812768944365,0.008667256691183203
16.552000399509406,0.6904812768944365,0.01608325449385052
20.375279320559176,0.6825464644306772,0.02563554795983764
23.595897023794784,0.6825464644306772,0.03604235969115269
32.07152717959251,0.6825464644306772,0.04770043031098361
37.97705470909458,0.6825464644306772,0.06128116702780236
45.174215021861414,0.6825464644306772,0.07593005157628102
52.14287927449102,0.6825464644306772,0.0923184911648915
60.19539004572822,0.6825464644306772,0.1130710776085696
73.86470515122481,0.6825464644306772,0.13013092440565202
84.28674954196163,0.6825464644306772,0.1476790673543504
90.47737000562964,0.6825464644306772,0.17032380138554032
98.62789214131955,0.6825464644306772,0.19528794213690603
110.49672088149161,0.6825464644306772,0.2140568254646443
116.40527121890999,0.6825464644306772,0.2326731162450026
121.88718819847995,0.6825464644306772,0.2488784447767571
135.58561277405641,0.6825464644306772,0.2662739951780755
141.94849748651754,0.6825464644306772,0.28223517563402206
150.3249217599024,0.6825464644306772,0.30564287240211185
160.2457236908068,0.6825464644306772,0.32624286629841
175.39776200478735,0.6825464644306772,0.34821619312112795
181.55481262735017,0.6825464644306772,0.3666493728446303
192.17407246110508,0.6825464644306772,0.3896603289895322
202.77640650578107,0.6825464644306772,0.41227454451124607
217.64448598603875,0.6825464644306772,0.43662831507309185
226.26659562918783,0.6825464644306772,0.4630268257698294
240.97266507171184,0.6825464644306772,0.4938200018311106
251.09618389328406,0.6825464644306772,0.522080141605884
260.70263573384926,0.6825464644306772,0.5470442823572497
273.52872269590716,0.6825464644306772,0.5712759788811914
281.78215962197584,0.7222205267494736,0.5924253059480575
291.5426499420176,0.7222205267494736,0.6096377452925199
300.2690723378957,0.7301553392132328,0.6320688497573779
308.4592533687122,0.7301553392132328,0.6514175847651601
317.1429618656663,0.7301553392132328,0.6722006897183141
326.26444522819617,0.7301553392132328,0.6938383129367962
335.18298926345904,0.7301553392132328,0.7136448255867184
342.3866762381517,0.7380901516769921,0.7316202276680807
350.5195464263853,0.7380901516769921,0.7513962218085268
359.7746786235885,0.7380901516769921,0.7692800683614612
366.04931866467416,0.7380901516769921,0.7860347300637837
375.1211824259172,0.7380901516769921,0.8026673177282021
381.70063278661,0.7460249641407514,0.8189947202978607
389.08551932574807,0.7460249641407514,0.8378246406445509
396.0853957265144,0.7460249641407514,0.8540604876857815
403.67809848221026,0.7460249641407514,0.8709982604449599
411.73038032414456,0.7460249641407514,0.8895840327158422
418.58626997574794,0.7460249641407514,0.9057588427381207
426.02911821751695,0.7460249641407514,0.9214148380993072
433.6239107886893,0.7460249641407514,0.9384441663869136
440.18707790249124,0.7460249641407514,0.9531846064638203
446.9095102261891,0.7460249641407514,0.9686880092776269
450.0,0.7460249641407514,0.9830622272408216
450.0,0.7460249641407514,0.9972228156376842
450.0,0.7460249641407514,1.0
450.0,0.7460249641407514,1.0
450.0,0.7460249641407514,1.0
450.0,0.7460249641407514,1.0
450.0,0.7460249641407514,1.0
450.0,0.7460249641407514,1.0
450.0,0.7460249641407514,1.0
450.0,0.7460249641407514,1.0
450.0,0.7460249641407514,1.0
450.0,0.7460249641407514,1.0
450.0,0.7460249641407514,1.0
450.0,0.7460249641407514,1.0
450.0,0.7460249641407514,1.0
450.0,0.7460249641407514,1.0
450.0,0.7460249641407514,1.0
450.0,0.7460249641407514,1.0
450.0,0.7460249641407514,1.0
450.0,0.7460249641407514,1.0
450.0,0.7460249641407514,1.0
450.0,0.6904812768944365,1.0
450.0,0.6904812768944365,1.0
450.0,0.6904812768944365,1.0
450.0,0.6904812768944365,1.0
450.0,0.6904812768944365,1.0
450.0,0.6904812768944365,1.0
450.0,0.6904812768944365,1.0
450.0,0.6904812768944365,1.0
450.0,0.6904812768944365,1.0
450.0,0.6904812768944365,1.0
450.0,0.6904812768944365,1.0
450.0,0.6904812768944365,1.0
450.0,0.6904812768944365,1.0
450.0,0.6904812768944365,1.0
450.0,0.6904812768944365,1.0
450.0,0.6904812768944365,1.0
450.0,0.6904812768944365,1.0
450.0,0.6904812768944365,1.0
450.0,0.6904812768944365,1.0
450.0,0.6904812768944365,1.0
450.0,0.6904812768944365,1.0
450.0,0.6904812768944365,1.0
450.0,0.6904812768944365,1.0
450.0,0.6904812768944365,1.0
450.0,0.6904812768944365,1.0
450.0,0.6904812768944365,1.0
450.0,0.6904812768944365,1.0
450.0,0.6904812768944365,1.0
450.0,0.6904812768944365,1.0
450.0,0.6904812768944365,1.0
450.0,0.6904812768944365,1.0
450.0,0.6904812768944365,1.0
450.0,0.6904812768944365,1.0
450.0,0.6904812768944365,1.0
450.0,0.6904812768944365,1.0
450.0,0.6904812768944365,1.0
450.0,0.6904812768944365,1.0
450.0,0.6904812768944365,1.0
450.0,0.6904812768944365,1.0
450.0,0.6904812768944365,1.0
450.0,0.6904812768944365,1.0
450.0,0.6904812768944365,1.0
450.0,0.6904812768944365,1.0
450.0,0.6904812768944365,1.0
450.0,0.6904812768944365,1.0
450.0,0.6904812768944365,1.0
450.0,0.6904812768944365,1.0
450.0,0.6904812768944365,1.0
450.0,0.6904812768944365,1.0
450.0,0.6904812768944365,1.0
450.0,0.6904812768944365,1.0
450.0,0.6904812768944365,1.0
450.0,0.6904812768944365,1.0
450.0,0.6904812768944365,1.0
450.0,0.6904812768944365,1.0
450.0,0.6904812768944365,1.0
450.0,0.6904812768944365,1.0
450.0,0.7301553392132328,1.0
450.0,0.7301553392132328,1.0
450.0,0.7380901516769921,1.0
450.0,0.7380901516769921,1.0
450.0,0.7380901516769921,1.0
450.0,0.7380901516769921,1.0
450.0,0.7380901516769921,1.0
450.0,0.7380901516769921,1.0
450.0,0.7380901516769921,1.0
450.0,0.7380901516769921,1.0
450.0,0.7380901516769921,1.0
450.0,0.7380901516769921,1.0
450.0,0.7380901516769921,1.0
450.0,0.7380901516769921,1.0
450.0,0.7380901516769921,1.0
450.0,0.7380901516769921,1.0
450.0,0.7380901516769921,1.0
450.0,0.7380901516769921,1.0
450.0,0.7380901516769921,1.0
450.0,0.7380901516769921,1.0
450.0,0.7380901516769921,1.0
450.0,0.7380901516769921,1.0
450.0,0.7380901516769921,1.0
450.0,0.7380901516769921,1.0
450.0,0.7380901516769921,1.0
450.0,0.7380901516769921,1.0
450.0,0.7380901516769921,1.0
450.0,0.7380901516769921,1.0
450.0,0.7380901516769921,1.0
450.0,0.7380901516769921,1.0
450.0,0.7380901516769921,1.0
450.0,0.7380901516769921,1.0
450.0,0.7380901516769921,1.0
450.0,0.7380901516769921,1.0
450.0,0.7380901516769921,1.0
450.0,0.7380901516769921,1.0
450.0,0.7380901516769921,1.0
450.0,0.7380901516769921,1.0
450.0,0.7380901516769921,1.0
450.0,0.7380901516769921,1.0
450.0,0.7380901516769921,1.0
450.0,0.7380901516769921,1.0
450.0,0.7380901516769921,1.0
450.0,0.7380901516769921,1.0
450.0,0.7380901516769921,1.0
450.0,0.7380901516769921,1.0
450.0,0.7380901516769921,1.0
450.0,0.7380901516769921,1.0
450.0,0.7380901516769921,1.0
450.0,0.7380901516769921,1.0
450.0,0.7380901516769921,1.0
450.0,0.7380901516769921,1.0
450.0,0.7380901516769921,1.0
450.0,0.7380901516769921,1.0
450.0,0.7380901516769921,1.0
450.0,0.7380901516769921,1.0
450.0,0.7380901516769921,1.0
450.0,0.7380901516769921,1.0
450.0,0.7380901516769921,1.0
450.0,0.7380901516769921,1.0
450.0,0.7380901516769921,1.0
450.0,0.7380901516769921,1.0
450.0,0.7380901516769921,1.0
450.0,0.7380901516769921,1.0
450.0,0.7380901516769921,1.0
450.0,0.7380901516769921,1.0
450.0,0.7380901516769921,1.0
450.0,0.7380901516769921,1.0
450.0,0.7380901516769921,1.0
450.0,0.7380901516769921,1.0
450.0,0.7380901516769921,1.0
450.0,0.7380901516769921,1.0
450.0,0.7380901516769921,1.0
450.0,0.7380901516769921,1.0
450.0,0.7380901516769921,1.0
450.0,0.7380901516769921,1.0
450.0,0.7380901516769921,1.0
450.0,0.7380901516769921,1.0
450.0,0.7380901516769921,1.0
450.0,0.7380901516769921,1.0
450.0,0.7380901516769921,1.0
450.0,0.7380901516769921,1.0
450.0,0.7380901516769921,1.0
450.0,0.7380901516769921,1.0
450.0,0.7380901516769921,1.0
450.0,0.7380901516769921,1.0
450.0,0.7380901516769921,1.0
450.0,0.7380901516769921,1.0
450.0,0.7380901516769921,1.0
450.0,0.7380901516769921,1.0
450.0,0.7380901516769921,1.0
450.0,0.7380901516769921,1.0
450.0,0.7380901516769921,1.0
450.0,0.7380901516769921,1.0
450.0,0.7380901516769921,1.0
450.0,0.7380901516769921,1.0
450.0,0.7380901516769921,1.0
450.0,0.7380901516769921,1.0
450.0,0.7380901516769921,1.0
450.0,0.7380901516769921,1.0
450.0,0.7380901516769921,1.0
450.0,0.7380901516769921,1.0
450.0,0.7380901516769921,1.0
450.0,0.7380901516769921,1.0
450.0,0.7380901516769921,1.0
450.0,0.7380901516769921,1.0
450.0,0.7380901516769921,1.0
450.0,0.7380901516769921,1.0
450.0,0.7380901516769921,1.0
450.0,0.7380901516769921,1.0
450.0,0.7380901516769921,1.0
450.0,0.7380901516769921,1.0
450.0,0.7380901516769921,1.0
450.0,0.7380901516769921,1.0
450.0,0.7380901516769921,1.0
450.0,0.7380901516769921,1.0
450.0,0.7380901516769921,1.0
450.0,0.7380901516769921,1.0
450.0,0.7380901516769921,1.0
450.0,0.7380901516769921,1.0
450.0,0.7380901516769921,1.0
450.0,0.7380901516769921,1.0
450.0,0.7380901516769921,1.0
450.0,0.7380901516769921,1.0
450.0,0.7380901516769921,1.0
450.0,0.7380901516769921,1.0
450.0,0.7380901516769921,1.0
450.0,0.7380901516769921,1.0
450.0,0.7380901516769921,1.0
450.0,0.7380901516769921,1.0
450.0,0.7380901516769921,1.0
450.0,0.7380901516769921,1.0
450.0,0.7380901516769921,1.0
450.0,0.7380901516769921,1.0
450.0,0.7380901516769921,1.0
450.0,0.7380901516769921,1.0
450.0,0.7380901516769921,1.0
450.0,0.7380901516769921,1.0
450.0,0.7380901516769921,1.0
450.0,0.7380901516769921,1.0
450.0,0.7380901516769921,1.0
450.0,0.7380901516769921,1.0
450.0,0.7380901516769921,1.0
450.0,0.7380901516769921,1.0
450.0,0.7380901516769921,1.0
450.0,0.7380901516769921,1.0
450.0,0.7380901516769921,1.0
450.0,0.7380901516769921,1.0
450.0,0.7380901516769921,1.0
450.0,0.7380901516769921,1.0
450.0,0.7380901516769921,1.0
450.0,0.7380901516769921,1.0
450.0,0.7380901516769921,1.0
450.0,0.7380901516769921,1.0
450.0,0.7380901516769921,1.0
450.0,0.7380901516769921,1.0
450.0,0.7380901516769921,1.0
450.0,0.7380901516769921,1.0
450.0,0.7380901516769921,1.0
450.0,0.7380901516769921,1.0
450.0,0.7380901516769921,1.0
450.0,0.7380901516769921,1.0
450.0,0.7380901516769921,1.0
450.0,0.7380901516769921,1.0
450.0,0.7380901516769921,1.0
450.0,0.7380901516769921,1.0
450.0,0.7380901516769921,1.0
450.0,0.7380901516769921,1.0
450.0,0.7380901516769921,1.0
450.0,0.7380901516769921,1.0
450.0,0.7380901516769921,1.0
450.0,0.7380901516769921,1.0
450.0,0.7380901516769921,1.0
450.0,0.7380901516769921,1.0
450.0,0.7380901516769921,1.0
450.0,0.7380901516769921,1.0
450.0,0.7380901516769921,1.0
450.0,0.7380901516769921,1.0
450.0,0.7380901516769921,1.0
450.0,0.7380901516769921,1.0
450.0,0.7380901516769921,1.0
450.0,0.7380901516769921,1.0
450.0,0.7380901516769921,1.0
450.0,0.7380901516769921,1.0
450.0,0.7380901516769921,1.0
450.0,0.7380901516769921,1.0
450.0,0.7380901516769921,1.0
450.0,0.7380901516769921,1.0
450.0,0.7380901516769921,1.0
450.0,0.7380901516769921,1.0
450.0,0.7380901516769921,1.0
450.0,0.7380901516769921,1.0
450.0,0.7380901516769921,1.0
450.0,0.7380901516769921,1.0
450.0,0.7380901516769921,1.0
450.0,0.7380901516769921,1.0
450.0,0.7380901516769921,1.0
450.0,0.7380901516769921,1.0
450.0,0.7380901516769921,1.0
450.0,0.7380901516769921,1.0
450.0,0.7380901516769921,1.0
450.0,0.7380901516769921,1.0
450.0,0.7380901516769921,1.0
450.0,0.7460249641407514,1.0
450.0,0.7460249641407514,1.0
450.0,0.7460249641407514,1.0
450.0,0.7460249641407514,1.0
450.0,0.7460249641407514,1.0
450.0,0.7460249641407514,1.0
450.0,0.7460249641407514,1.0
450.0,0.7460249641407514,1.0
450.0,0.7460249641407514,1.0
450.0,0.7460249641407514,1.0
450.0,0.7460249641407514,1.0
450.0,0.7460249641407514,1.0
450.0,0.7460249641407514,1.0
450.0,0.7460249641407514,1.0
450.0,0.7460249641407514,1.0
450.0,0.7460249641407514,1.0
450.0,0.7460249641407514,1.0
450.0,0.7460249641407514,1.0
450.0,0.7460249641407514,1.0
450.0,0.7460249641407514,1.0
450.0,0.7460249641407514,1.0
450.0,0.7460249641407514,1.0
450.0,0.7460249641407514,1.0
450.0,0.7460249641407514,1.0
450.0,0.7460249641407514,1.0
450.0,0.7460249641407514,1.0
450.0,0.7460249641407514,1.0
450.0,0.7460249641407514,1.0
450.0,0.7460249641407514,1.0
450.0,0.7460249641407514,1.0
450.0,0.7460249641407514,1.0
450.0,0.7460249641407514,1.0
450.0,0.7460249641407514,1.0
450.0,0.7460249641407514,1.0
450.0,0.7460249641407514,1.0
450.0,0.7460249641407514,1.0
450.0,0.7460249641407514,1.0
450.0,0.7460249641407514,1.0
450.0,0.7460249641407514,1.0
447.2925215668147,0.7460249641407514,1.0
449.8574883223781,0.7460249641407514,1.0
447.81329235241225,0.7460249641407514,1.0
448.0194417041248,0.7460249641407514,0.9926145207068087
444.42821765052946,0.7460249641407514,0.9831843012787256
446.17198149634976,0.7460249641407514,0.9836115604113895
446.30739683462474,0.7460249641407514,0.9830011902218696
447.43131935283657,0.7460249641407514,0.9875789666432692
450.0,0.7460249641407514,0.9935911130100405
450.0,0.7460249641407514,0.9938047425763725
450.0,0.7460249641407514,0.9979857783745841
447.9299252691227,0.7460249641407514,1.0
448.76061027931803,0.7460249641407514,1.0
448.30440161148016,0.7460249641407514,0.9931943723868526
444.78416903115027,0.7460249641407514,0.9844355601672414
442.4259725347818,0.7460249641407514,0.9836115604113895
441.814771534426,0.7460249641407514,0.9804071169164098
441.6177042094073,0.7460249641407514,0.977568895535142
441.2592084509104,0.7460249641407514,0.9797967467268899
442.6190765164928,0.7460249641407514,0.9808343760490738
444.31071025611544,0.7460249641407514,0.979216895046846
444.9357875291447,0.7460249641407514,0.9796136356700339
445.58983407955037,0.7460249641407514,0.9803765984069338
443.81740466017425,0.7460249641407514,0.9816583758049257
446.88872309156847,0.7460249641407514,0.9862056337168492
447.28908835247086,0.7460249641407514,0.9850764488662374
446.61439358916374,0.7460249641407514,0.9896237067781609
448.7533880522506,0.7460249641407514,0.9926145207068087
448.3236274129326,0.7460249641407514,0.990264595477157
448.0861551993493,0.7460249641407514,0.9884334849085971
450.0,0.7460249641407514,0.9904171880245369
449.77335457811023,0.7460249641407514,0.9934385204626606
450.0,0.7460249641407514,0.9971617786187322
448.9703666561643,0.7460249641407514,0.9945982238227485
448.58461824546356,0.7460249641407514,0.9949949644459365
448.4930920343471,0.7460249641407514,0.9902340769676808
447.94985632286176,0.7460249641407514,0.9870601519821772
448.2737206373614,0.7460249641407514,0.990264595477157
445.72271440712103,0.7460249641407514,0.9913937803277688
443.8535589954081,0.7460249641407514,0.989074373607593
444.94628776882,0.7460249641407514,0.9866023743400373
442.3736616604025,0.7460249641407514,0.9799798577837459
441.15843379947216,0.7460249641407514,0.9760124515518662
439.89436006924524,0.7460249641407514,0.97903378398999
442.10988126451406,0.7460249641407514,0.9796746726889859
440.885275755137,0.7460249641407514,0.9742423780022583
442.2389249137356,0.7460249641407514,0.9742423780022583
441.37297846030725,0.7460249641407514,0.9723807489242225
437.2109684101463,0.7460249641407514,0.9768364513077181
440.0637288252289,0.7460249641407514,0.9797967467268899
436.71436386440394,0.7460249641407514,0.9722586748863186
434.13470336778283,0.7460249641407514,0.9654530472731712
434.6554547267506,0.7460249641407514,0.9646595660267953
427.3964061848965,0.7460249641407514,0.9604174932096317
426.00965854281736,0.7460249641407514,0.9532761619922483
422.74186884055166,0.7460249641407514,0.9398174993133336
419.75264577692104,0.7460249641407514,0.9272133548997467
416.4930311251611,0.7460249641407514,0.923032319101535
419.0509795733525,0.7460249641407514,0.9251686147648549
415.9862084967761,0.7460249641407514,0.923612170781579
415.31803051388897,0.7460249641407514,0.9252296517838069
415.12322606139617,0.7460249641407514,0.9206213568529313
413.47820248737696,0.7460249641407514,0.9170201727347637
410.7350797209922,0.7460249641407514,0.9166539506210517
409.77675389719894,0.7460249641407514,0.9112216559343241
406.47352578317475,0.7460249641407514,0.9065828424939726
407.45938175891126,0.7460249641407514,0.9058503982665487
403.9084057977383,0.7460249641407514,0.9008758812219612
398.61993094133175,0.7460249641407514,0.8934293649098178
394.60436376715,0.7460249641407514,0.8856776635029145
391.6409456422311,0.7460249641407514,0.8736228522598957
383.0877453119652,0.7460249641407514,0.8636738181707205
385.3290985954113,0.7460249641407514,0.8616290780358288
385.4194211759087,0.7460249641407514,0.8526566362498855
379.0418071686532,0.7460249641407514,0.8443861201818903
377.4308228712037,0.7460249641407514,0.8434095278786584
371.2857289117449,0.7460249641407514,0.838007751701407
367.50928488955736,0.7460249641407514,0.8277840510269479
360.3485758568538,0.7460249641407514,0.8140507217627491
357.2693097396237,0.7460249641407514,0.7998290963469344
349.53880806318483,0.7460249641407514,0.7864314706869716
344.10430571148214,0.7460249641407514,0.7770012512588885
337.94475817039927,0.7460249641407514,0.7670216986602374
334.56672636056356,0.7460249641407514,0.7539902951139866
328.68760168698003,0.7460249641407514,0.7396465956602679
326.31307122918844,0.7460249641407514,0.728232673116245
322.0791385269791,0.7460249641407514,0.7202368236335337
319.27130372112396,0.7460249641407514,0.7120273445844905
310.88143180569955,0.7460249641407514,0.7032685323648793
303.82600240615324,0.7460249641407514,0.6944486831263161
302.259537682397,0.7460249641407514,0.6828821680349132
289.1925798380718,0.7460249641407514,0.6654560991241187
279.2210887464672,0.7460249641407514,0.6534318063905759
273.51133166093433,0.7460249641407514,0.6342661824396496
266.61638781064056,0.7460249641407514,0.6098513748588519
258.17971070315616,0.7460249641407514,0.5852839747306742
252.03094869080053,0.7460249641407514,0.5686208685567797
245.0812060299893,0.7460249641407514,0.5530259102145452
236.63510419171394,0.7460249641407514,0.5482039857173375
234.24689872660187,0.7460249641407514,0.5360271004364147
228.32498931637414,0.7460249641407514,0.5186010315256203
219.89583743294523,0.7460249641407514,0.5006561479537339
207.7179108933653,0.7460249641407514,0.4848475600451674
204.95437102575647,0.7460249641407514,0.47022919400616475
196.9447502977926,0.7460249641407514,0.4512161626026185
186.99502637026538,0.7460249641407514,0.4356517227698599
179.25444233506752,0.7460249641407514,0.4182256538590655
171.53867486848915,0.7460249641407514,0.39848017822809534
160.27245328319125,0.7460249641407514,0.3782769249549852
153.47351773405208,0.7460249641407514,0.358684041871395
147.6874332698027,0.7460249641407514,0.34266182439649645
141.75165229523188,0.7460249641407514,0.3232520523697623
134.25100677112718,0.7460249641407514,0.3074739829706717
125.22860658122009,0.7460249641407514,0.293435468611713
120.33880427333473,0.7460249641407514,0.2806482131412702
110.01999655862184,0.7460249641407514,0.26288644062623984
104.08730584981235,0.7460249641407514,0.24710837122714926
91.98434069900412,0.7460249641407514,0.23010956144901884
88.88257443069078,0.7460249641407514,0.2164677877132481
79.89380237614033,0.7460249641407514,0.195532090212714
73.0848850762661,0.7460249641407514,0.17651905880916777
62.805704985637,0.7460249641407514,0.1578112125003815
55.85612002370447,0.7460249641407514,0.1391033661915952
49.0185858073564,0.7460249641407514,0.1228980376598407
42.10918258985477,0.7460249641407514,0.10428174687948241
36.58101803418084,0.7460249641407514,0.08868678853724785
30.15981246026186,0.7460249641407514,0.07565538499099704
22.970914020268665,0.7460249641407514,0.06591998046815394
15.365227687502427,0.7460249641407514,0.0554521317178869
10.427174181031953,0.7460249641407514,0.039307840205084384
1.9066629049232358,0.7460249641407514,0.02304147465437788
-3.6118207265529887,0.7460249641407514,0.006317331461531419
-10.393734619622176,0.7460249641407514,-0.00933866389965514
-15.103392227242615,0.7460249641407514,-0.012329477828302866
-19.742197756951104,0.7460249641407514,-0.019989623706778162
-26.938930305751864,0.7460249641407514,-0.033509323404644915
-32.22003291553528,0.7460249641407514,-0.048097170934171575
-38.30387555428071,0.706350901821955,-0.06372264778588214
-44.5401330608593,0.6984160893581958,-0.08008056886501663
-49.16196806563988,0.6904812768944365,-0.09149449140903958
-58.20145984862976,0.6825464644306772,-0.10388500625629445
-59.163101182815375,0.6825464644306772,-0.11017181920834987
-63.788071123579954,0.674611651966918,-0.12234870448927275
-70.57111760855446,0.674611651966918,-0.13733329264198738
-82.06834413230646,0.674611651966918,-0.15469832453382976
-86.72428650042725,0.674611651966918,-0.16696676534318064
-95.8859517648496,0.674611651966918,-0.18311105685598317
-106.94151926001044,0.674611651966918,-0.2031617175817133
-116.55584892569689,0.674611651966918,-0.22336497085482346
-124.42171009385785,0.674611651966918,-0.23938718832972197
-132.88148115521196,0.674611651966918,-0.26136051515243997
-142.57471566133333,0.674611651966918,-0.28192999053926204
-151.77188767285872,0.674611651966918,-0.30350657673879206
-161.1669044581405,0.674611651966918,-0.3252662739951781
-170.01972135175342,0.674611651966918,-0.3454695272682882
-178.4323184567324,0.674611651966918,-0.36475722525711846
-186.98398476942833,0.674611651966918,-0.3838618121890927
-197.21157762402873,0.674611651966918,-0.4008911404766991
-204.66692369271234,0.674611651966918,-0.4205145420697653
-212.10489865944527,0.674611651966918,-0.4414807580797754
-221.52331099070358,0.674611651966918,-0.4630878627887814
-231.02706252671248,0.674611651966918,-0.4847254860072634
-239.8741456163682,0.674611651966918,-0.5047456282235175
-248.36936076521056,0.674611651966918,-0.5247352519302957
-257.72575657790543,0.674611651966918,-0.5438398388622699
-266.33883484555355,0.674611651966918,-0.5614795373393964
-272.5739646374164,0.674611651966918,-0.5809503463850826
-281.5396474481213,0.674611651966918,-0.6004821924497208
-290.18945846787875,0.674611651966918,-0.6179082613605151
-297.22776070216025,0.674611651966918,-0.6344798120059816
-303.51610707246056,0.674611651966918,-0.6502883999145481
-310.706127010325,0.674611651966918,-0.6675313577684866
-318.232698090129,0.674611651966918,-0.6834315012054811
-325.644952566404,0.674611651966918,-0.6996673482467116
-331.8942827222834,0.674611651966918,-0.7134922330393384
-336.95971143915943,0.674611651966918,-0.7272560808130131
-343.319535350182,0.674611651966918,-0.7400738547929319
-350.36717017241676,0.674611651966918,-0.7520981475264749
-355.6135782902457,0.674611651966918,-0.7675099948118533
-361.8343586495844,0.674611651966918,-0.7803277687917722
-368.7439203277236,0.674611651966918,-0.7966551713614307
-383.70346770380246,0.674611651966918,-0.8120975371562853
-383.3965845511087,0.674611651966918,-0.8290963469344157
-397.7212121393036,0.674611651966918,-0.8532364879299295
-403.91875078650116,0.674611651966918,-0.8742637409588916
-418.5909974055311,0.674611651966918,-0.8946501052888577
-421.6801903810009,0.674611651966918,-0.9122592852565081
-434.50567238859526,0.674611651966918,-0.93404950102237
-444.0037950736341,0.674611651966918,-0.9524521622363964
-412.87550948890157,0.674611651966918,-0.9712210455641347
-416.7512285098447,0.674611651966918,-0.9772942289498581
-397.07328460865875,0.674611651966918,-0.934842982268746
-423.9516135931124,0.674611651966918,-0.890865810113834
-407.39228145655557,0.674611651966918,-0.8663289284951323
-374.36422290643725,0.674611651966918,-0.8960234382152775
-433.0709268134001,0.674611651966918,-0.9112826929532761
-423.2828172831689,0.674611651966918,-0.8941312906277658
-431.70387140532654,0.674611651966918,-0.9290444654683065
-449.11399267401157,0.674611651966918,-0.9684743797112949
-408.9657521073415,0.674611651966918,-0.9820856349375896
-410.8894146883404,0.674611651966918,-0.97888119144261
-389.5334580735718,0.674611651966918,-0.9408551286355175
-369.1389067956374,0.674611651966918,-0.8790551469466231
-399.5142184313202,0.674611651966918,-0.8282418286690878
-384.04189223092953,0.674611651966918,-0.7993102816858425
-339.8023339991824,0.674611651966918,-0.8308969389934996
-358.65713293333175,0.674611651966918,-0.8539078951384015
-390.2587606476491,0.674611651966918,-0.8164616840113529
-376.10256645450295,0.674611651966918,-0.7853022858363597
-387.5764918060436,0.674611651966918,-0.8160344248786889
-403.75311387325866,0.674611651966918,-0.8612628559221167
-424.54838628242715,0.674611651966918,-0.8974272896511735
-387.05899257651004,0.674611651966918,-0.9238868373668631
-397.78664520303033,0.674611651966918,-0.9372844630268258
-375.709423344826,0.674611651966918,-0.8970305490279855
-352.9634018438102,0.674611651966918,-0.8579058198797571
-331.65461646923524,0.674611651966918,-0.8036439100314341
-306.0000496388958,0.674611651966918,-0.7494430372020631
-282.2383355046285,0.674611651966918,-0.6993316446424757
-259.4427959901832,0.674611651966918,-0.6438489944151128
-227.20551434958497,0.674611651966918,-0.5888851588488418
-199.304044843013,0.674611651966918,-0.5303506576738792
-252.60030064201376,0.674611651966918,-0.4729148228400525
-227.1784916260286,0.674611651966918,-0.43113498336741235
-230.8383426870684,0.674611651966918,-0.46269112216559344
-257.599864269298,0.674611651966918,-0.5126804406872768
-203.90945762425525,0.674611651966918,-0.5590380565813166
-217.15606006450906,0.674611651966918,-0.5818353831598865
-193.80719446409844,0.674611651966918,-0.5444807275612659
-172.3978891254211,0.674611651966918,-0.48347422711874755
-137.66526142828795,0.674611651966918,-0.413495284890286
-210.69957369307238,0.674611651966918,-0.359080782494583
-189.95789548383144,0.674611651966918,-0.3107699819940794
-204.2942884952396,0.674611651966918,-0.34186834315012055
-229.50125703140682,0.674611651966918,-0.4044618060853908
-247.12375289371218,0.674611651966918,-0.456495864741966
-183.46530329547988,0.674611651966918,-0.5231177709280679
-204.9598055949126,0.674611651966918,-0.5618762779625843
-186.88616429945964,0.674611651966918,-0.5294351023895993
-157.86419255885343,0.674611651966918,-0.4707480086672567
-129.64432036332616,0.674611651966918,-0.40949736014893034
-106.2985759361569,0.674611651966918,-0.3429364909817805
-63.35427250605167,0.674611651966918,-0.271675771355327
-150.55615262351603,0.674611651966918,-0.206305124057741
-126.50726762017273,0.674611651966918,-0.15909298989837337
-129.42120294367854,0.674611651966918,-0.18536942655720695
-154.29718373185028,0.674611651966918,-0.24356822412793358
-178.72620773499813,0.674611651966918,-0.30811487166966767
-207.2896058606533,0.674611651966918,-0.3645435956907865
-234.85622271925172,0.674611651966918,-0.4330576494644002
-246.89656083824858,0.6666768395031587,-0.4847254860072634
-194.69534331113223,0.6666768395031587,-0.5464644306772057
-212.07776294813968,0.6666768395031587,-0.5746635334330271
-202.04069137139928,0.6666768395031587,-0.5404522843104342
-160.5206504126692,0.6666768395031587,-0.47773674733726007
-134.45504978245566,0.6666768395031587,-0.4197210608233894
-100.21103642922735,0.6666768395031587,-0.3499252296517838
-69.96621612176605,0.6666768395031587,-0.28177739799188206
-35.28588515790982,0.6666768395031587,-0.21335489974669636
-127.84990827638649,0.6666768395031587,-0.14313180944242684
-106.7506709355007,0.6666768395031587,-0.09613330484939116
-110.07961817337701,0.6666768395031587,-0.11951048310800501
-139.53867685177084,0.6666768395031587,-0.1791131321146275
-164.0121884226501,0.6666768395031587,-0.24008911404766992
-46.16834309080846,0.6587420270393994,-0.30411694692831204
-77.73096275801404,0.6587420270393994,-0.3497421185949278
-77.79754354075692,0.6587420270393994,-0.32108523819696644
-48.16729944361529,0.6587420270393994,-0.25928525650807216
-24.725087179739813,0.6508072145756402,-0.2000793481246376
-130.51585444410526,0.6508072145756402,-0.13211462752159184
-97.36875717862674,0.6508072145756402,-0.08572649311807612
-103.81229690652037,0.6508072145756402,-0.11551255836664938
-125.22579641491441,0.6508072145756402,-0.17313150425733206
-155.56379385466605,0.6508072145756402,-0.23657948545793023
-186.98799143418088,0.6508072145756402,-0.2981048005615406
-102.05759370832816,0.6508072145756402,-0.3729361857966857
-122.42305045415763,0.6508072145756402,-0.4143192846461379
-99.61750764416902,0.6508072145756402,-0.37675099948118534
-68.22705044320485,0.6508072145756402,-0.3183385723441267
-31.030555666274626,0.6508072145756402,-0.24930570390942106
-5.105539367467135,0.6508072145756402,-0.18408764915921508
-130.67985594071547,0.6508072145756402,-0.12097537156285287
-119.7120247813292,0.6508072145756402,-0.0717490157780694
-131.99213396219935,0.6508072145756402,-0.10309152500991851
21.016292019378824,0.6508072145756402,-0.1575670644245735
-0.7087341708212952,0.6508072145756402,-0.20056764427625354
0.2642215272461422,0.6508072145756402,-0.17130039368877223
-130.84887350445192,0.6508072145756402,-0.11554307687612538
-111.3711717833203,0.6508072145756402,-0.06918546098208564
-132.9738110128963,0.6508072145756402,-0.09695730460524309
37.78017717589343,0.6508072145756402,-0.15088351084933013
9.258116042955493,0.6508072145756402,-0.19214453566087833
32.3872030661166,0.6508072145756402,-0.15695669423505357
54.862277071930116,0.6508072145756402,-0.10708944975127414
79.17811018275232,0.6508072145756402,-0.038758507034516436
-91.11404633622962,0.6508072145756402,0.03332621234778894
-56.40278295008597,0.6508072145756402,0.08133182775353252
-56.52662663904302,0.6508072145756402,0.055909909360026856
-88.18785615760909,0.6508072145756402,0.004272591326639607
-123.11613007098168,0.6508072145756402,-0.065309610278634
46.66894036465194,0.6508072145756402,-0.12448500015259255
16.54840523740279,0.6508072145756402,-0.17014069032868434
37.733705481716164,0.6508072145756402,-0.14014099551377912
59.863683736854014,0.6508072145756402,-0.08297982726523637
-109.72878827044593,0.6508072145756402,-0.020813623462630087
-77.84178420391329,0.6508072145756402,0.027680288094729454
-80.97458526889832,0.6508072145756402,0.0013122959074678793
-115.01345086498706,0.6508072145756402,-0.05572679830317087
81.28255392646979,0.6508072145756402,-0.12094485305337688
47.07772154809003,0.6508072145756402,-0.16675313577684867
51.9907947803148,0.6508072145756402,-0.14230780968657492
54.23580316483811,0.6508072145756402,-0.0848719748527482
-89.91951448808466,0.6508072145756402,-0.022797326578569903
-61.46965522193212,0.6508072145756402,0.022675252540665915
-76.97460991135858,0.6508072145756402,-0.004760887478255562
-115.24296572196802,0.6508072145756402,-0.0609149449140904
-131.3653290183172,0.6508072145756402,-0.12735374004333627
-161.1825448226937,0.6508072145756402,-0.1913205359050264
-30.737111775217798,0.6508072145756402,-0.2527542954802087
-58.723142373098916,0.6508072145756402,-0.2961516159550768
-182.69736612112627,0.6508072145756402,-0.26367992187261574
-155.42434853816857,0.6508072145756402,-0.2304757835627308
-165.28340675329062,0.6508072145756402,-0.2661214026306955
-182.5224267153565,0.6508072145756402,-0.31870479445783867
-223.9100809686026,0.6508072145756402,-0.38306833094271675
-228.1942375101331,0.6508072145756402,-0.4434949797051912
-252.225702145501,0.6508072145756402,-0.5009308145390179
-286.41865769582824,0.6508072145756402,-0.5585497604297006
-298.66249504994687,0.6508072145756402,-0.6156804101687674
-308.4646436157784,0.6508072145756402,-0.6562700277718436
-327.7060510845962,0.6508072145756402,-0.7018951994384595
-333.92944525129616,0.6508072145756402,-0.7168797875911741
-337.90986672948804,0.6508072145756402,-0.7284768211920529
-345.64757417339894,0.6508072145756402,-0.7434308908352916
-353.1103631951793,0.6508072145756402,-0.7598498489333781
-359.23052513141425,0.6508072145756402,-0.7734611041596728
-366.0186932933403,0.6508072145756402,-0.7884151738029115
-371.9649478814408,0.6111331522568437,-0.8026062807092501
-378.45348849342054,0.5793633838923307,-0.8168584246345408
-386.7515453061326,0.5634937589648121,-0.8344981231116673
-395.03673626388854,0.5634937589648121,-0.8516800439466536
-400.32988636420896,0.5555589465010529,-0.8643147068697165
-407.5598230152952,0.5555589465010529,-0.8791161839655751
-412.93206372371617,0.5476241340372936,-0.8928189947202979
-418.87726726412524,0.5317545091097751,-0.9051179540391248
-426.70865729578907,0.5238196966460158,-0.9210180974761193
-434.5710759451461,0.5158848841822565,-0.9382305368205817
-442.0395533593269,0.5158848841822565,-0.9538560136722922
-450.0,0.5158848841822565,-0.9714651936399427
-450.0,0.500015259254738,-0.989104892117069
-450.0,0.48414563432721947,-1.0
-450.0,0.48414563432721947,-1.0
-450.0,0.48414563432721947,-1.0
-450.0,0.48414563432721947,-1.0
-450.0,0.48414563432721947,-1.0
-450.0,0.48414563432721947,-1.0
-450.0,0.48414563432721947,-1.0
-450.0,0.48414563432721947,-1.0
-450.0,0.48414563432721947,-1.0
-450.0,0.48414563432721947,-1.0
-450.0,0.48414563432721947,-1.0
-450.0,0.48414563432721947,-1.0
-450.0,0.48414563432721947,-1.0
-450.0,0.48414563432721947,-1.0
-450.0,0.48414563432721947,-1.0
-450.0,0.46827600939970093,-1.0
-450.0,0.46034119693594167,-1.0
-450.0,0.44447157200842313,-1.0
-450.0,0.43653675954466387,-1.0
-450.0,0.4206671346171453,-1.0
-450.0,0.41270180364391,-1.0
-450.0,0.41270180364391,-1.0
-450.0,0.41270180364391,-1.0
-450.0,0.3968321787163915,-1.0
-450.0,0.3492233039338359,-1.0
-450.0,0.30161442915128023,-1.0
-450.0,0.30161442915128023,-1.0
-450.0,0.30161442915128023,-1.0
-450.0,0.30161442915128023,-1.0
-450.0,0.30161442915128023,-1.0
-450.0,0.30161442915128023,-1.0
-450.0,0.27780999176000243,-1.0
-450.0,0.23017059846797083,-1.0
-450.0,0.22223578600421157,-1.0
-450.0,0.22223578600421157,-1.0
-450.0,0.22223578600421157,-1.0
-450.0,0.21430097354045227,-1.0
-450.0,0.21430097354045227,-1.0
-450.0,0.21430097354045227,-1.0
-450.0,0.21430097354045227,-1.0
-450.0,0.21430097354045227,-1.0
-450.0,0.21430097354045227,-1.0
-450.0,0.21430097354045227,-1.0
-450.0,0.2619403668324839,-1.0
-450.0,0.2857448042237617,-1.0
-450.0,0.33335367900631735,-1.0
-450.0,0.3730277413251137,-1.0
-450.0,0.40476699118015075,-1.0
-450.0,0.500015259254738,-1.0
